"Account Owner","Account Name","Billing State/Province","Type","Billing Street","Billing City","Billing Country","Billing Zip/Postal Code"
"Leslie Johnson","Pioneer Group","CA","Customer","1470 Park Ave","San Francisco","USA","91672"
"Robin Carter","Vertex Systems","CA","Customer","1812 Congress Ave","San Francisco","USA","82443"
"Chris Cruz","Lattice Group","CA","Customer","589 King St","San Francisco","USA","42876"
"Jordan Gomez","Vertex Networks","CA","Customer","1390 Church St","San Francisco","USA","45824"
"Robin Kim","Nimbus Systems","CA","Prospect","331 Church St","San Francisco","USA","83835"
"Casey Young","Beacon Partners","CA","Customer","2336 Congress Ave","San Francisco","USA","67604"
"Alex Brown","Atlas Industries","CA","Customer","1477 Park Ave","San Francisco","USA","44582"
"Taylor Foster","Falcon Group","CA","Prospect","930 Market St","San Francisco","USA","58867"
"Drew Flores","Northstar Systems","CA","Customer","2046 George St","San Francisco","USA","66266"
"Dakota Cruz","Vertex Labs","CA","Customer","164 Station Rd","Los Angeles","USA","72040"
"Dakota Ellis","Granite Industries","CA","Customer","346 Grand Ave","Los Angeles","USA","75246"
"Dakota Carter","Pioneer Group","CA","Prospect","1609 Grand Ave","Los Angeles","USA","38643"
"Taylor Gomez","Bluewave Holdings","CA","Customer","991 Congress Ave","Los Angeles","USA","31540"
"Dakota Hall","Brightline Labs","CA","Prospect","146 Grand Ave","Los Angeles","USA","93149"
"Dakota Hall","Atlas Corp","CA","Customer","2130 Park Ave","Los Angeles","USA","39317"
"Quinn Brown","Northstar Corp","CA","Prospect","417 Grand Ave","Los Angeles","USA","43696"
"Robin Turner","Pioneer Systems","CA","Prospect","737 Peachtree St","Los Angeles","USA","78288"
"Leslie Young","Lumen Labs","CA","Customer","1170 Commerce St","Los Angeles","USA","59000"
"Robin Nguyen","Cinder Corp","CA","Customer","2159 Lincoln St","Los Angeles","USA","89867"
"Sam Gomez","Sequoia Industries","CA","Prospect","49 Commerce St","Los Angeles","USA","37547"
"Alex Lin","Lattice Industries","CA","Customer","1754 Main St","Los Angeles","USA","13878"
"Morgan Foster","Vertex Networks","CA","Customer","1031 Church St","Los Angeles","USA","20435"
"Jamie Ellis","Ironclad Holdings","CA","Customer","1831 Congress Ave","Los Angeles","USA","64362"
"Ryan Shah","Bluewave Partners","CA","Prospect","315 Congress Ave","Los Angeles","USA","20453"
"Hayden Gomez","Catalyst Networks","WA","Customer","1636 George St","Seattle","USA","73959"
"Dakota Shah","Bluewave Labs","WA","Customer","1365 Congress Ave","Seattle","USA","43835"
"Ryan Patel","Orbit Holdings","WA","Customer","106 Elizabeth St","Seattle","USA","94188"
"Leslie Brown","Pioneer Labs","WA","Prospect","213 State St","Seattle","USA","88615"
"Leslie Nguyen","Apex Labs","WA","Customer","953 State St","Seattle","USA","59372"
"Taylor Park","Beacon Systems","WA","Customer","1124 Church St","Seattle","USA","32979"
"Taylor Johnson","Lumen Industries","WA","Prospect","2169 King St","Seattle","USA","42469"
"Leslie Carter","Falcon Networks","WA","Customer","1979 Peachtree St","Seattle","USA","43989"
"Jamie Shah","Lattice Group","WA","Customer","1287 Queen St","Seattle","USA","76713"
"Morgan Gomez","Pulse Industries","WA","Customer","1496 Market St","Seattle","USA","60198"
"Kendall Brown","Delta Holdings","WA","Customer","1461 State St","Seattle","USA","55178"
"Dakota Cruz","Acme Networks","WA","Prospect","1642 Marina Blvd","Seattle","USA","73004"
"Chris Young","Northstar Group","WA","Customer","1975 Church St","Seattle","USA","88864"
"Jordan Brown","Lumen Systems","CO","Prospect","1094 Park Ave","Denver","USA","51030"
"Ryan Ellis","Tideway Labs","CO","Prospect","417 Elizabeth St","Denver","USA","24086"
"Ryan Shah","Beacon Corp","CO","Prospect","12 Elizabeth St","Denver","USA","73575"
"Quinn Hall","Pulse Industries","CO","Customer","1857 Elizabeth St","Denver","USA","46626"
"Taylor Young","Summit Industries","CO","Prospect","1667 Market St","Denver","USA","30231"
"Chris Lee","Orbit Partners","CO","Customer","1814 Marina Blvd","Denver","USA","36794"
"Drew Nguyen","Evergreen Group","CO","Prospect","2237 Commerce St","Denver","USA","35406"
"Hayden Patel","Bluewave Group","CO","Customer","1793 King St","Denver","USA","88407"
"Blake Hall","Apex Labs","CO","Customer","150 Main St","Denver","USA","67604"
"Blake Patel","Northstar Systems","CO","Prospect","2072 Congress Ave","Denver","USA","38964"
"Casey Kim","Vertex Corp","CO","Customer","11 George St","Denver","USA","52714"
"Jamie Shah","Atlas Group","CO","Customer","1287 Main St","Denver","USA","86569"
"Jamie Park","Pioneer Systems","CO","Prospect","1330 State St","Denver","USA","71402"
"Casey Hall","Summit Networks","CO","Customer","893 Grand Ave","Denver","USA","31898"
"Dakota Ellis","Atlas Group","CO","Customer","627 Marina Blvd","Denver","USA","69659"
"Hayden Foster","Lattice Industries","AZ","Customer","144 Queen St","Phoenix","USA","34611"
"Casey Lee","Lattice Partners","AZ","Customer","502 Commerce St","Phoenix","USA","55690"
"Morgan Patel","Catalyst Industries","AZ","Customer","2011 Broadway","Phoenix","USA","56482"
"Jordan Nguyen","Horizon Partners","AZ","Prospect","1983 High St","Phoenix","USA","36678"
"Kendall Flores","Pioneer Corp","AZ","Prospect","1785 Peachtree St","Phoenix","USA","20464"
"Blake Park","Acme Systems","AZ","Customer","2290 Commerce St","Phoenix","USA","46772"
"Casey Foster","Skyline Corp","AZ","Prospect","798 Station Rd","Phoenix","USA","31840"
"Dakota Kim","Granite Industries","AZ","Customer","1878 Marina Blvd","Phoenix","USA","21908"
"Morgan Foster","Pulse Networks","AZ","Prospect","910 Main St","Phoenix","USA","71875"
"Leslie Nguyen","Northstar Industries","AZ","Customer","2189 Grand Ave","Phoenix","USA","25518"
"Blake Foster","Evergreen Systems","AZ","Customer","1991 High St","Phoenix","USA","97301"
"Blake Lin","Ironclad Group","AZ","Customer","139 Commerce St","Phoenix","USA","65071"
"Sam Turner","Sequoia Industries","AZ","Prospect","2023 Marina Blvd","Phoenix","USA","36332"
"Jordan Foster","Brightline Labs","AZ","Customer","753 Elizabeth St","Phoenix","USA","31600"
"Riley Nguyen","Cinder Industries","TX","Customer","718 King St","Austin","USA","48776"
"Quinn Gomez","Nimbus Systems","TX","Customer","2133 Orchard Rd","Austin","USA","50741"
"Robin Flores","Cinder Labs","TX","Customer","162 Station Rd","Austin","USA","24599"
"Casey Ellis","Sequoia Systems","TX","Customer","1823 Peachtree St","Austin","USA","60682"
"Kendall Park","Horizon Partners","TX","Prospect","355 Main St","Austin","USA","42449"
"Robin Foster","Cobalt Partners","TX","Customer","982 Orchard Rd","Austin","USA","25939"
"Blake Lee","Evergreen Networks","TX","Customer","866 George St","Austin","USA","16390"
"Morgan Kim","Evergreen Industries","TX","Customer","2111 King St","Austin","USA","53333"
"Dakota Foster","Metro Labs","TX","Prospect","2308 Broadway","Austin","USA","24210"
"Dakota Foster","Sequoia Labs","TX","Prospect","393 Broadway","Austin","USA","99673"
"Ryan Gomez","Orbit Labs","TX","Customer","370 George St","Austin","USA","70804"
"Casey Johnson","Vertex Corp","TX","Prospect","556 Lincoln St","Austin","USA","68288"
"Blake Shah","Skyline Networks","TX","Prospect","718 Queen St","Dallas","USA","71239"
"Kendall Foster","Meridian Group","TX","Prospect","359 Peachtree St","Dallas","USA","56401"
"Blake Shah","Apex Partners","TX","Customer","916 Orchard Rd","Dallas","USA","10166"
"Quinn Cruz","Vertex Labs","TX","Customer","2083 Church St","Dallas","USA","15089"
"Kendall Carter","Acme Holdings","TX","Prospect","48 Elizabeth St","Dallas","USA","43747"
"Leslie Carter","Pulse Networks","TX","Customer","2313 Broadway","Dallas","USA","76969"
"Kendall Hall","Acme Industries","TX","Prospect","1964 High St","Dallas","USA","35594"
"Jordan Patel","Summit Systems","TX","Customer","309 Market St","Dallas","USA","55115"
"Blake Shah","Lumen Corp","TX","Customer","1903 Elizabeth St","Dallas","USA","90877"
"Casey Kim","Acme Networks","TX","Prospect","1622 King St","Dallas","USA","20336"
"Robin Shah","Meridian Networks","TX","Customer","1717 Broadway","Dallas","USA","50876"
"Riley Nguyen","Pulse Industries","TX","Customer","1643 Grand Ave","Dallas","USA","41829"
"Robin Carter","Cinder Corp","TX","Customer","1946 King St","Dallas","USA","34345"
"Riley Johnson","Horizon Group","TX","Customer","2321 High St","Dallas","USA","22013"
"Riley Turner","Summit Holdings","IL","Prospect","619 George St","Chicago","USA","69831"
"Leslie Cruz","Skyline Partners","IL","Customer","2333 King St","Chicago","USA","35280"
"Robin Brown","Lumen Industries","IL","Prospect","1620 George St","Chicago","USA","88154"
"Drew Ellis","Lumen Corp","IL","Prospect","2317 Church St","Chicago","USA","65624"
"Jordan Lin","Brightline Holdings","IL","Customer","1534 George St","Chicago","USA","16890"
"Robin Shah","Lumen Group","IL","Customer","1420 Peachtree St","Chicago","USA","21696"
"Jordan Flores","Summit Holdings","IL","Prospect","363 Queen St","Chicago","USA","48156"
"Alex Patel","Sequoia Labs","IL","Customer","1865 Broadway","Chicago","USA","51045"
"Hayden Park","Falcon Group","IL","Prospect","623 State St","Chicago","USA","39985"
"Quinn Hall","Cinder Networks","IL","Prospect","2131 George St","Chicago","USA","70585"
"Morgan Foster","Quantum Corp","IL","Customer","1017 Lincoln St","Chicago","USA","40326"
"Jamie Young","Catalyst Holdings","IL","Customer","1806 George St","Chicago","USA","92730"
"Dakota Kim","Cinder Group","IL","Customer","2193 Park Ave","Chicago","USA","35942"
"Dakota Flores","Atlas Holdings","MN","Prospect","516 Congress Ave","Minneapolis","USA","45246"
"Jamie Hall","Tideway Networks","MN","Customer","1587 Market St","Minneapolis","USA","87662"
"Sam Shah","Northstar Networks","MN","Prospect","1237 Elizabeth St","Minneapolis","USA","44245"
"Casey Turner","Pulse Industries","MN","Prospect","1656 Grand Ave","Minneapolis","USA","34855"
"Taylor Lee","Pulse Holdings","MN","Prospect","1183 Peachtree St","Minneapolis","USA","24260"
"Morgan Ellis","Sequoia Networks","MN","Customer","507 Commerce St","Minneapolis","USA","56121"
"Hayden Carter","Cobalt Systems","MN","Customer","271 Queen St","Minneapolis","USA","20737"
"Taylor Gomez","Lattice Partners","MN","Prospect","436 Peachtree St","Minneapolis","USA","79434"
"Leslie Turner","Beacon Partners","MN","Customer","1087 George St","Minneapolis","USA","30213"
"Leslie Brown","Cinder Holdings","MN","Customer","1590 Elizabeth St","Minneapolis","USA","96503"
"Blake Hall","Harbor Industries","MN","Customer","540 Broadway","Minneapolis","USA","70697"
"Taylor Ellis","Summit Networks","MN","Customer","1015 Market St","Minneapolis","USA","35689"
"Drew Cruz","Metro Networks","MN","Customer","1684 Station Rd","Minneapolis","USA","35846"
"Jordan Turner","Orbit Industries","MN","Customer","915 Commerce St","Minneapolis","USA","59435"
"Sam Foster","Cinder Holdings","MN","Prospect","1456 Station Rd","Minneapolis","USA","91588"
"Sam Johnson","Evergreen Group","MN","Customer","2007 Elizabeth St","Minneapolis","USA","56027"
"Chris Flores","Pulse Industries","NY","Customer","249 Lincoln St","New York City","USA","63871"
"Morgan Kim","Pioneer Partners","NY","Prospect","1454 Commerce St","New York City","USA","49111"
"Hayden Flores","Tideway Group","NY","Prospect","2317 George St","New York City","USA","45171"
"Kendall Ellis","Meridian Holdings","NY","Customer","2084 Market St","New York City","USA","31593"
"Drew Shah","Delta Group","NY","Prospect","2242 Peachtree St","New York City","USA","52041"
"Dakota Cruz","Meridian Systems","NY","Customer","56 Broadway","New York City","USA","90920"
"Quinn Park","Ironclad Group","NY","Customer","857 George St","New York City","USA","67835"
"Blake Ellis","Northstar Industries","NY","Customer","1921 Park Ave","New York City","USA","59045"
"Hayden Foster","Sequoia Networks","NY","Customer","595 Church St","New York City","USA","83427"
"Drew Brown","Catalyst Partners","NY","Customer","1577 Peachtree St","New York City","USA","57580"
"Casey Johnson","Harbor Systems","NY","Customer","50 High St","New York City","USA","54845"
"Morgan Park","Sequoia Industries","NY","Customer","2383 High St","New York City","USA","45624"
"Robin Gomez","Metro Group","NY","Prospect","931 Market St","New York City","USA","73899"
"Jamie Foster","Sequoia Partners","NY","Prospect","191 Main St","New York City","USA","42631"
"Casey Carter","Horizon Systems","NY","Customer","1505 Peachtree St","New York City","USA","55363"
"Robin Park","Meridian Industries","NY","Customer","1512 Commerce St","New York City","USA","86106"
"Kendall Young","Cinder Systems","MA","Customer","858 Elizabeth St","Boston","USA","35117"
"Hayden Shah","Vertex Industries","MA","Customer","1260 Lincoln St","Boston","USA","75732"
"Hayden Nguyen","Falcon Systems","MA","Prospect","1848 Church St","Boston","USA","16468"
"Chris Brown","Bluewave Holdings","MA","Customer","162 Commerce St","Boston","USA","24978"
"Sam Carter","Brightline Partners","MA","Customer","605 King St","Boston","USA","45912"
"Blake Gomez","Catalyst Holdings","MA","Customer","1607 Grand Ave","Boston","USA","81960"
"Sam Gomez","Pioneer Networks","MA","Customer","344 Church St","Boston","USA","74718"
"Sam Carter","Horizon Systems","MA","Customer","2371 State St","Boston","USA","16235"
"Dakota Turner","Orbit Corp","MA","Customer","2132 Commerce St","Boston","USA","66512"
"Robin Cruz","Cinder Networks","MA","Prospect","1515 Queen St","Boston","USA","75155"
"Riley Nguyen","Cobalt Group","MA","Prospect","2248 Peachtree St","Boston","USA","83026"
"Jordan Gomez","Delta Group","MA","Prospect","1066 Queen St","Boston","USA","63237"
"Jamie Turner","Beacon Industries","DC","Customer","1655 Park Ave","Washington","USA","28669"
"Morgan Kim","Cinder Networks","DC","Customer","888 George St","Washington","USA","55322"
"Ryan Lin","Meridian Group","DC","Prospect","2246 Congress Ave","Washington","USA","23636"
"Morgan Brown","Pulse Partners","DC","Customer","283 Marina Blvd","Washington","USA","94001"
"Riley Shah","Delta Group","DC","Prospect","714 Queen St","Washington","USA","28617"
"Casey Gomez","Evergreen Labs","DC","Prospect","1557 Grand Ave","Washington","USA","54840"
"Kendall Lin","Ironclad Labs","DC","Prospect","216 High St","Washington","USA","10661"
"Ryan Lee","Lumen Corp","DC","Customer","1306 Main St","Washington","USA","95058"
"Casey Turner","Granite Group","DC","Customer","559 Orchard Rd","Washington","USA","85574"
"Kendall Johnson","Skyline Holdings","DC","Prospect","1144 Market St","Washington","USA","49503"
"Jamie Patel","Lumen Partners","DC","Customer","1296 Park Ave","Washington","USA","87863"
"Blake Park","Northstar Corp","GA","Customer","2152 Park Ave","Atlanta","USA","95853"
"Robin Shah","Catalyst Networks","GA","Prospect","410 Church St","Atlanta","USA","38610"
"Casey Carter","Pioneer Group","GA","Customer","2362 High St","Atlanta","USA","51322"
"Blake Shah","Granite Partners","GA","Prospect","727 George St","Atlanta","USA","29982"
"Jordan Cruz","Pioneer Holdings","GA","Customer","833 King St","Atlanta","USA","79319"
"Sam Lin","Metro Networks","GA","Prospect","1659 Station Rd","Atlanta","USA","49390"
"Riley Brown","Horizon Holdings","GA","Prospect","1628 Commerce St","Atlanta","USA","18313"
"Quinn Cruz","Northstar Holdings","GA","Customer","587 Commerce St","Atlanta","USA","50994"
"Casey Young","Vertex Corp","GA","Customer","677 Station Rd","Atlanta","USA","90420"
"Leslie Turner","Northstar Group","GA","Prospect","1859 Congress Ave","Atlanta","USA","98986"
"Casey Young","Evergreen Labs","GA","Prospect","60 Market St","Atlanta","USA","12064"
"Morgan Turner","Cobalt Holdings","GA","Prospect","10 Market St","Atlanta","USA","71844"
"Hayden Shah","Sequoia Group","GA","Prospect","2352 State St","Atlanta","USA","86256"
"Taylor Carter","Meridian Holdings","FL","Customer","2296 State St","Miami","USA","96481"
"Sam Gomez","Vertex Industries","FL","Prospect","963 Lincoln St","Miami","USA","39920"
"Taylor Ellis","Delta Networks","FL","Customer","124 Park Ave","Miami","USA","32021"
"Riley Turner","Vertex Corp","FL","Customer","1262 Station Rd","Miami","USA","41633"
"Kendall Gomez","Horizon Systems","FL","Prospect","817 Peachtree St","Miami","USA","62740"
"Robin Cruz","Horizon Networks","FL","Prospect","1596 George St","Miami","USA","90228"
"Hayden Patel","Nimbus Industries","FL","Customer","931 Peachtree St","Miami","USA","92090"
"Leslie Shah","Summit Group","FL","Prospect","1744 George St","Miami","USA","51196"
"Casey Cruz","Falcon Holdings","FL","Prospect","721 Market St","Miami","USA","30290"
"Quinn Shah","Beacon Partners","FL","Customer","1721 Market St","Miami","USA","35838"
"Sam Lee","Orbit Systems","FL","Prospect","501 Peachtree St","Miami","USA","12536"
"Hayden Young","Metro Labs","FL","Customer","894 Peachtree St","Miami","USA","68588"
"Quinn Cruz","Acme Group","FL","Customer","144 King St","Miami","USA","17400"
"Taylor Carter","Sequoia Partners","ON","Prospect","926 Park Ave","Toronto","Canada","E8E 5B1"
"Hayden Turner","Orbit Holdings","ON","Prospect","2237 George St","Toronto","Canada","V9L 1P2"
"Dakota Kim","Harbor Partners","ON","Customer","633 Broadway","Toronto","Canada","Y8M 4Y9"
"Ryan Kim","Delta Group","ON","Customer","1847 Broadway","Toronto","Canada","J8J 7H2"
"Blake Hall","Metro Networks","ON","Customer","399 Orchard Rd","Toronto","Canada","V5R 2J0"
"Alex Shah","Cobalt Industries","ON","Customer","2109 Commerce St","Toronto","Canada","A1M 1H4"
"Blake Lin","Harbor Industries","ON","Customer","80 King St","Toronto","Canada","C8B 7L9"
"Dakota Patel","Pulse Labs","ON","Customer","2120 Elizabeth St","Toronto","Canada","L4V 3R5"
"Jordan Park","Summit Labs","ON","Customer","1436 Orchard Rd","Toronto","Canada","E2M 5B0"
"Casey Kim","Vertex Group","BC","Customer","1794 Orchard Rd","Vancouver","Canada","E7H 8E9"
"Dakota Flores","Vertex Holdings","BC","Prospect","710 Broadway","Vancouver","Canada","T7N 3K3"
"Casey Flores","Catalyst Group","BC","Prospect","298 Commerce St","Vancouver","Canada","C2M 7G7"
"Drew Carter","Orbit Systems","BC","Customer","571 Queen St","Vancouver","Canada","X8H 0K4"
"Dakota Patel","Brightline Systems","BC","Customer","868 State St","Vancouver","Canada","T6X 3J2"
"Riley Nguyen","Nimbus Systems","BC","Prospect","1120 Grand Ave","Vancouver","Canada","X0A 9B7"
"Ryan Brown","Summit Systems","BC","Customer","1733 Peachtree St","Vancouver","Canada","T2V 8L8"
"Ryan Lee","Cinder Industries","BC","Prospect","2187 High St","Vancouver","Canada","A9P 5A1"
"Sam Nguyen","Orbit Partners","BC","Prospect","2253 Broadway","Vancouver","Canada","N9G 5E7"
"Blake Young","Cobalt Industries","BC","Customer","1055 State St","Vancouver","Canada","V2E 0H8"
"Chris Carter","Beacon Corp","BC","Customer","449 Church St","Vancouver","Canada","G5G 7Y2"
"Sam Lin","Granite Networks","BC","Prospect","11 Lincoln St","Vancouver","Canada","H3Y 7Y9"
"Leslie Shah","Vertex Systems","BC","Prospect","1107 High St","Vancouver","Canada","B3S 1M0"
"Chris Park","Delta Group","BC","Customer","1419 Lincoln St","Vancouver","Canada","P7T 9J4"
"Hayden Turner","Metro Partners","BC","Prospect","2174 State St","Vancouver","Canada","N4G 7V4"
"Chris Young","Sequoia Holdings","CDMX","Customer","1647 Broadway","Mexico City","Mexico","66458"
"Riley Flores","Bluewave Partners","CDMX","Prospect","1645 Park Ave","Mexico City","Mexico","40138"
"Alex Carter","Bluewave Holdings","CDMX","Customer","1900 George St","Mexico City","Mexico","45589"
"Quinn Ellis","Metro Industries","CDMX","Customer","1569 Queen St","Mexico City","Mexico","15442"
"Sam Young","Harbor Labs","CDMX","Customer","1995 Elizabeth St","Mexico City","Mexico","56312"
"Robin Gomez","Horizon Systems","CDMX","Prospect","862 King St","Mexico City","Mexico","29779"
"Quinn Young","Bluewave Holdings","CDMX","Prospect","949 Lincoln St","Mexico City","Mexico","14554"
"Blake Lee","Orbit Group","CDMX","Customer","969 Elizabeth St","Mexico City","Mexico","30843"
"Dakota Nguyen","Delta Corp","CDMX","Prospect","2201 Peachtree St","Mexico City","Mexico","31533"
"Quinn Brown","Pulse Corp","CDMX","Prospect","284 Grand Ave","Mexico City","Mexico","48079"
"Alex Park","Apex Holdings","CDMX","Customer","1428 High St","Mexico City","Mexico","47431"
"Leslie Park","Pioneer Systems","CDMX","Customer","403 High St","Mexico City","Mexico","92465"
"Casey Young","Tideway Systems","CDMX","Prospect","1687 Grand Ave","Mexico City","Mexico","30923"
"Hayden Brown","Orbit Group","CDMX","Customer","1123 Marina Blvd","Mexico City","Mexico","21420"
"Quinn Park","Apex Industries","CDMX","Customer","1985 Station Rd","Mexico City","Mexico","6824"
"Dakota Shah","Beacon Systems","CDMX","Customer","198 King St","Mexico City","Mexico","60900"
"Leslie Johnson","Ironclad Group","SP","Prospect","1580 State St","Sao Paulo","Brazil","11634"
"Drew Gomez","Lattice Labs","SP","Customer","2358 Orchard Rd","Sao Paulo","Brazil","14755"
"Drew Ellis","Acme Industries","SP","Prospect","234 Commerce St","Sao Paulo","Brazil","12606"
"Jordan Lin","Pulse Holdings","SP","Customer","1726 Elizabeth St","Sao Paulo","Brazil","8036"
"Chris Cruz","Falcon Systems","SP","Customer","1430 Market St","Sao Paulo","Brazil","71788"
"Ryan Nguyen","Cobalt Labs","SP","Customer","1967 Station Rd","Sao Paulo","Brazil","85682"
"Alex Cruz","Skyline Corp","SP","Customer","1836 Orchard Rd","Sao Paulo","Brazil","49792"
"Jamie Ellis","Northstar Group","SP","Customer","967 Grand Ave","Sao Paulo","Brazil","16822"
"Leslie Flores","Pulse Networks","SP","Prospect","859 Grand Ave","Sao Paulo","Brazil","11488"
"Morgan Foster","Nimbus Corp","BA","Customer","972 Main St","Buenos Aires","Argentina","41882"
"Kendall Hall","Bluewave Group","BA","Prospect","925 Lincoln St","Buenos Aires","Argentina","34296"
"Dakota Nguyen","Delta Group","BA","Customer","1118 Lincoln St","Buenos Aires","Argentina","90608"
"Chris Lin","Northstar Corp","BA","Prospect","38 Main St","Buenos Aires","Argentina","71571"
"Leslie Johnson","Vertex Networks","BA","Customer","547 Orchard Rd","Buenos Aires","Argentina","40871"
"Taylor Young","Cinder Partners","BA","Customer","1527 Orchard Rd","Buenos Aires","Argentina","14360"
"Morgan Patel","Orbit Partners","BA","Customer","538 High St","Buenos Aires","Argentina","58205"
"Ryan Gomez","Atlas Networks","BA","Prospect","1481 Broadway","Buenos Aires","Argentina","35221"
"Dakota Brown","Tideway Partners","BA","Customer","543 Broadway","Buenos Aires","Argentina","96524"
"Dakota Patel","Meridian Industries","BA","Prospect","2198 Broadway","Buenos Aires","Argentina","29227"
"Taylor Brown","Metro Systems","BA","Prospect","2026 Grand Ave","Buenos Aires","Argentina","64117"
"Blake Lin","Vector Systems","BA","Customer","1701 Church St","Buenos Aires","Argentina","69287"
"Jamie Ellis","Northstar Systems","BA","Customer","1598 Orchard Rd","Buenos Aires","Argentina","99853"
"Blake Brown","Catalyst Industries","BA","Customer","2089 High St","Buenos Aires","Argentina","74251"
"Blake Shah","Atlas Industries","BA","Customer","2128 High St","Buenos Aires","Argentina","50284"
"Casey Turner","Vertex Labs","BA","Customer","1191 Market St","Buenos Aires","Argentina","55325"
"Dakota Kim","Acme Partners","RM","Prospect","1426 Queen St","Santiago","Chile","52030"
"Chris Foster","Pulse Holdings","RM","Customer","1995 Lincoln St","Santiago","Chile","51062"
"Dakota Kim","Pulse Group","RM","Prospect","1795 Elizabeth St","Santiago","Chile","31146"
"Quinn Park","Quantum Corp","RM","Customer","1453 High St","Santiago","Chile","13414"
"Riley Carter","Falcon Group","RM","Customer","969 George St","Santiago","Chile","90647"
"Jordan Nguyen","Lumen Partners","RM","Prospect","60 Station Rd","Santiago","Chile","44352"
"Jamie Cruz","Acme Partners","RM","Customer","383 Congress Ave","Santiago","Chile","80400"
"Sam Nguyen","Acme Systems","RM","Prospect","2052 Park Ave","Santiago","Chile","24767"
"Chris Gomez","Bluewave Group","RM","Customer","1052 State St","Santiago","Chile","87394"
"Ryan Flores","Beacon Industries","RM","Customer","1510 Elizabeth St","Santiago","Chile","23269"
"Ryan Park","Cobalt Systems","RM","Customer","1407 King St","Santiago","Chile","61122"
"Kendall Foster","Delta Group","RM","Customer","876 George St","Santiago","Chile","56514"
"Jamie Ellis","Summit Group","RM","Prospect","550 King St","Santiago","Chile","4808"
"Kendall Nguyen","Metro Systems","DC","Customer","1991 State St","Bogota","Colombia","81166"
"Casey Turner","Harbor Industries","DC","Prospect","2198 Commerce St","Bogota","Colombia","80822"
"Hayden Johnson","Delta Networks","DC","Customer","698 Lincoln St","Bogota","Colombia","68619"
"Morgan Nguyen","Metro Partners","DC","Customer","456 Marina Blvd","Bogota","Colombia","91140"
"Drew Carter","Skyline Systems","DC","Prospect","481 Marina Blvd","Bogota","Colombia","87838"
"Quinn Shah","Tideway Holdings","DC","Customer","2136 Elizabeth St","Bogota","Colombia","88623"
"Morgan Lee","Evergreen Networks","DC","Prospect","11 King St","Bogota","Colombia","47990"
"Robin Foster","Nimbus Systems","DC","Customer","2366 Church St","Bogota","Colombia","32412"
"Sam Lin","Sequoia Holdings","DC","Prospect","825 Elizabeth St","Bogota","Colombia","95768"
"Blake Patel","Quantum Partners","DC","Customer","630 Congress Ave","Bogota","Colombia","88028"
"Morgan Kim","Granite Corp","LIM","Customer","1264 Marina Blvd","Lima","Peru","54985"
"Robin Foster","Catalyst Group","LIM","Customer","759 Station Rd","Lima","Peru","32039"
"Ryan Turner","Sequoia Partners","LIM","Prospect","1424 Peachtree St","Lima","Peru","53331"
"Quinn Shah","Meridian Labs","LIM","Customer","719 Peachtree St","Lima","Peru","95094"
"Casey Nguyen","Beacon Partners","LIM","Prospect","488 Broadway","Lima","Peru","44889"
"Chris Gomez","Atlas Networks","LIM","Customer","2114 Lincoln St","Lima","Peru","40225"
"Hayden Gomez","Skyline Holdings","LIM","Customer","2270 George St","Lima","Peru","11738"
"Riley Carter","Delta Labs","LIM","Prospect","1305 Lincoln St","Lima","Peru","72068"
"Kendall Patel","Cinder Industries","LIM","Customer","1074 Elizabeth St","Lima","Peru","39408"
"Jordan Carter","Delta Labs","LIM","Customer","2202 Park Ave","Lima","Peru","84285"
"Kendall Cruz","Bluewave Partners","LIM","Prospect","882 Marina Blvd","Lima","Peru","18886"
"Ryan Flores","Vector Group","LIM","Customer","884 Main St","Lima","Peru","96817"
"Chris Lee","Orbit Partners","LIM","Customer","555 Grand Ave","Lima","Peru","20569"
"Morgan Young","Acme Networks","LIM","Prospect","1564 Elizabeth St","Lima","Peru","27929"
"Quinn Lee","Cinder Group","LIM","Customer","1299 State St","Lima","Peru","88163"
"Kendall Park","Falcon Systems","LIM","Prospect","1791 Broadway","Lima","Peru","58784"
"Jamie Nguyen","Tideway Systems","England","Customer","995 Main St","London","United Kingdom","N7 6FD"
"Sam Carter","Evergreen Networks","England","Customer","123 Park Ave","London","United Kingdom","EC3 5HF"
"Robin Shah","Beacon Partners","England","Customer","636 Lincoln St","London","United Kingdom","N3 6FA"
"Drew Lin","Pioneer Networks","England","Customer","335 Marina Blvd","London","United Kingdom","N8 8GE"
"Hayden Flores","Meridian Group","England","Customer","717 Commerce St","London","United Kingdom","WC3 6AA"
"Blake Lee","Delta Systems","England","Prospect","1899 Commerce St","London","United Kingdom","EC5 3FD"
"Leslie Nguyen","Cinder Industries","England","Customer","1117 Queen St","London","United Kingdom","EC6 2FD"
"Casey Turner","Falcon Partners","England","Customer","663 Peachtree St","London","United Kingdom","EC9 2GE"
"Leslie Foster","Granite Group","England","Prospect","69 Marina Blvd","London","United Kingdom","WC3 4HG"
"Leslie Flores","Vertex Systems","England","Customer","1884 Station Rd","London","United Kingdom","N1 7GE"
"Quinn Johnson","Harbor Partners","England","Customer","641 George St","London","United Kingdom","SW9 5GH"
"Blake Lee","Granite Systems","England","Customer","596 Orchard Rd","London","United Kingdom","EC2 4JF"
"Jordan Flores","Skyline Systems","England","Prospect","2127 Station Rd","London","United Kingdom","EC2 5AF"
"Chris Lee","Tideway Corp","Leinster","Customer","689 High St","Dublin","Ireland","91134"
"Leslie Brown","Brightline Networks","Leinster","Prospect","533 State St","Dublin","Ireland","23878"
"Taylor Hall","Falcon Industries","Leinster","Customer","243 Church St","Dublin","Ireland","22340"
"Morgan Young","Brightline Partners","Leinster","Prospect","473 Peachtree St","Dublin","Ireland","14809"
"Morgan Turner","Sequoia Systems","Leinster","Prospect","539 Lincoln St","Dublin","Ireland","63180"
"Jamie Brown","Metro Corp","Leinster","Customer","289 Market St","Dublin","Ireland","14338"
"Casey Cruz","Orbit Partners","Leinster","Prospect","2369 Orchard Rd","Dublin","Ireland","23472"
"Riley Shah","Granite Networks","Leinster","Customer","1017 King St","Dublin","Ireland","22148"
"Jordan Kim","Meridian Group","Leinster","Prospect","12 State St","Dublin","Ireland","4280"
"Hayden Young","Brightline Group","Leinster","Customer","466 Church St","Dublin","Ireland","22040"
"Kendall Hall","Pulse Systems","Leinster","Prospect","1500 King St","Dublin","Ireland","91802"
"Ryan Patel","Vector Partners","Ile-de-France","Prospect","1471 Commerce St","Paris","France","88601"
"Quinn Patel","Granite Partners","Ile-de-France","Customer","145 Broadway","Paris","France","24873"
"Jordan Ellis","Delta Holdings","Ile-de-France","Customer","1049 High St","Paris","France","99550"
"Sam Hall","Meridian Partners","Ile-de-France","Customer","1322 King St","Paris","France","34501"
"Jordan Patel","Falcon Systems","Ile-de-France","Customer","1150 Elizabeth St","Paris","France","64237"
"Sam Young","Pioneer Group","Ile-de-France","Customer","2038 Broadway","Paris","France","17371"
"Alex Young","Bluewave Group","Ile-de-France","Prospect","1399 Orchard Rd","Paris","France","24929"
"Blake Young","Lattice Networks","Ile-de-France","Customer","1626 Park Ave","Paris","France","50011"
"Robin Cruz","Apex Labs","Ile-de-France","Prospect","1309 Orchard Rd","Paris","France","42647"
"Drew Gomez","Quantum Industries","Ile-de-France","Customer","821 Lincoln St","Paris","France","73154"
"Jordan Lin","Pulse Systems","Ile-de-France","Customer","1862 Peachtree St","Paris","France","62048"
"Leslie Park","Lumen Group","Ile-de-France","Customer","2264 Elizabeth St","Paris","France","93995"
"Casey Young","Harbor Corp","BE","Customer","1410 Elizabeth St","Berlin","Germany","57281"
"Jamie Lee","Cinder Industries","BE","Customer","363 Station Rd","Berlin","Germany","97351"
"Quinn Johnson","Ironclad Systems","BE","Prospect","1308 State St","Berlin","Germany","41022"
"Casey Brown","Beacon Systems","BE","Customer","1082 Church St","Berlin","Germany","15597"
"Jordan Kim","Orbit Systems","BE","Customer","2366 Peachtree St","Berlin","Germany","35514"
"Quinn Hall","Bluewave Systems","BE","Prospect","2366 High St","Berlin","Germany","48616"
"Hayden Kim","Evergreen Partners","BE","Customer","1677 George St","Berlin","Germany","66684"
"Jamie Hall","Pulse Industries","BE","Prospect","232 King St","Berlin","Germany","32136"
"Robin Nguyen","Nimbus Industries","BE","Customer","1687 Elizabeth St","Berlin","Germany","56287"
"Blake Patel","Apex Partners","BE","Customer","577 Congress Ave","Berlin","Germany","31211"
"Riley Cruz","Meridian Corp","BE","Prospect","510 Congress Ave","Berlin","Germany","40464"
"Robin Kim","Bluewave Systems","BE","Customer","1835 Peachtree St","Berlin","Germany","90793"
"Morgan Foster","Lattice Industries","BE","Customer","1923 Station Rd","Berlin","Germany","87338"
"Ryan Hall","Atlas Corp","BE","Customer","132 Station Rd","Berlin","Germany","33654"
"Chris Turner","Evergreen Partners","BE","Customer","370 Peachtree St","Berlin","Germany","7998"
"Jordan Shah","Beacon Group","BE","Customer","408 Market St","Berlin","Germany","58527"
"Dakota Kim","Nimbus Group","BY","Prospect","1267 State St","Munich","Germany","97801"
"Dakota Lee","Delta Holdings","BY","Customer","1891 Market St","Munich","Germany","42633"
"Hayden Carter","Vector Corp","BY","Customer","2198 State St","Munich","Germany","51034"
"Sam Turner","Cobalt Partners","BY","Customer","783 Peachtree St","Munich","Germany","59812"
"Jordan Kim","Harbor Systems","BY","Prospect","1050 Peachtree St","Munich","Germany","70745"
"Kendall Turner","Horizon Systems","BY","Prospect","1415 Commerce St","Munich","Germany","11632"
"Drew Shah","Horizon Holdings","BY","Customer","1442 Market St","Munich","Germany","23370"
"Hayden Shah","Sequoia Group","BY","Customer","1628 Broadway","Munich","Germany","25089"
"Hayden Johnson","Northstar Holdings","BY","Customer","1972 Grand Ave","Munich","Germany","81055"
"Morgan Cruz","Summit Group","BY","Customer","2295 Grand Ave","Munich","Germany","23068"
"Alex Hall","Beacon Industries","ZH","Prospect","847 George St","Zurich","Switzerland","98862"
"Jordan Carter","Northstar Group","ZH","Customer","1837 Lincoln St","Zurich","Switzerland","14182"
"Drew Lee","Summit Networks","ZH","Customer","1118 Lincoln St","Zurich","Switzerland","50202"
"Ryan Nguyen","Tideway Corp","ZH","Customer","525 Orchard Rd","Zurich","Switzerland","39033"
"Robin Lin","Pulse Corp","ZH","Prospect","387 Elizabeth St","Zurich","Switzerland","23114"
"Alex Carter","Summit Industries","ZH","Prospect","927 Peachtree St","Zurich","Switzerland","97369"
"Dakota Carter","Acme Corp","ZH","Customer","2202 High St","Zurich","Switzerland","29816"
"Casey Flores","Pulse Systems","ZH","Prospect","402 State St","Zurich","Switzerland","26113"
"Dakota Foster","Brightline Systems","ZH","Customer","1828 Broadway","Zurich","Switzerland","28865"
"Leslie Turner","Sequoia Networks","ZH","Customer","1926 Broadway","Zurich","Switzerland","30135"
"Robin Hall","Horizon Industries","ZH","Prospect","1116 Congress Ave","Zurich","Switzerland","30228"
"Ryan Foster","Bluewave Networks","ZH","Customer","1133 Market St","Zurich","Switzerland","82369"
"Drew Lee","Apex Labs","ZH","Customer","1830 Orchard Rd","Zurich","Switzerland","73787"
"Kendall Cruz","Skyline Systems","ZH","Customer","2023 King St","Zurich","Switzerland","15406"
"Casey Carter","Apex Holdings","ZH","Customer","1854 Commerce St","Zurich","Switzerland","83060"
"Dakota Carter","Bluewave Labs","NH","Prospect","1626 Marina Blvd","Amsterdam","Netherlands","46314"
"Alex Cruz","Brightline Industries","NH","Prospect","569 High St","Amsterdam","Netherlands","90374"
"Hayden Lee","Bluewave Holdings","NH","Prospect","1495 Broadway","Amsterdam","Netherlands","49872"
"Ryan Nguyen","Beacon Group","NH","Prospect","1360 Broadway","Amsterdam","Netherlands","66472"
"Leslie Lee","Skyline Partners","NH","Customer","1614 Grand Ave","Amsterdam","Netherlands","88976"
"Casey Gomez","Orbit Holdings","NH","Customer","941 Market St","Amsterdam","Netherlands","64433"
"Robin Lin","Vector Industries","NH","Customer","1013 State St","Amsterdam","Netherlands","59514"
"Taylor Brown","Vector Group","NH","Customer","1057 Orchard Rd","Amsterdam","Netherlands","32395"
"Drew Johnson","Harbor Holdings","NH","Customer","584 Broadway","Amsterdam","Netherlands","50761"
"Hayden Cruz","Beacon Systems","MD","Customer","1177 Church St","Madrid","Spain","72243"
"Taylor Flores","Vertex Corp","MD","Prospect","1434 Elizabeth St","Madrid","Spain","48352"
"Robin Cruz","Nimbus Networks","MD","Prospect","542 State St","Madrid","Spain","15909"
"Jamie Gomez","Lattice Group","MD","Customer","1587 High St","Madrid","Spain","71555"
"Blake Cruz","Nimbus Networks","MD","Customer","473 Grand Ave","Madrid","Spain","74126"
"Jamie Gomez","Harbor Corp","MD","Prospect","1212 State St","Madrid","Spain","89019"
"Blake Ellis","Granite Networks","MD","Customer","31 High St","Madrid","Spain","19925"
"Riley Foster","Harbor Industries","MD","Prospect","2006 Lincoln St","Madrid","Spain","58381"
"Riley Gomez","Cinder Industries","MD","Customer","2332 George St","Madrid","Spain","26585"
"Ryan Johnson","Beacon Partners","MD","Prospect","1216 Orchard Rd","Madrid","Spain","13494"
"Taylor Flores","Summit Holdings","MD","Prospect","2121 Commerce St","Madrid","Spain","27662"
"Leslie Cruz","Cobalt Labs","MD","Prospect","1501 Station Rd","Madrid","Spain","33010"
"Jordan Shah","Atlas Networks","MD","Customer","1887 Marina Blvd","Madrid","Spain","60136"
"Morgan Carter","Harbor Partners","MD","Prospect","805 Congress Ave","Madrid","Spain","43298"
"Quinn Gomez","Meridian Networks","MD","Customer","1912 Park Ave","Madrid","Spain","57869"
"Quinn Foster","Tideway Corp","MD","Customer","1202 Commerce St","Madrid","Spain","51883"
"Chris Gomez","Harbor Networks","Lombardy","Prospect","1333 Grand Ave","Milan","Italy","23383"
"Hayden Lee","Bluewave Partners","Lombardy","Prospect","2007 Marina Blvd","Milan","Italy","22803"
"Alex Shah","Granite Systems","Lombardy","Prospect","62 Elizabeth St","Milan","Italy","6858"
"Alex Brown","Cobalt Labs","Lombardy","Prospect","465 Orchard Rd","Milan","Italy","7447"
"Sam Shah","Orbit Labs","Lombardy","Customer","377 King St","Milan","Italy","57749"
"Morgan Gomez","Bluewave Holdings","Lombardy","Prospect","1822 King St","Milan","Italy","72054"
"Drew Gomez","Beacon Group","Lombardy","Customer","2113 Congress Ave","Milan","Italy","7666"
"Dakota Carter","Orbit Group","Lombardy","Prospect","2030 Commerce St","Milan","Italy","34313"
"Hayden Hall","Metro Networks","Lombardy","Customer","1468 Broadway","Milan","Italy","64186"
"Blake Foster","Quantum Partners","Lombardy","Customer","1309 Lincoln St","Milan","Italy","81855"
"Jamie Park","Cobalt Industries","Lombardy","Customer","1558 Elizabeth St","Milan","Italy","11927"
"Robin Patel","Evergreen Group","Stockholm","Customer","244 Main St","Stockholm","Sweden","53782"
"Chris Foster","Tideway Labs","Stockholm","Prospect","2307 Church St","Stockholm","Sweden","47459"
"Blake Lee","Falcon Group","Stockholm","Prospect","2130 Peachtree St","Stockholm","Sweden","33601"
"Leslie Johnson","Brightline Corp","Stockholm","Customer","2042 Queen St","Stockholm","Sweden","21497"
"Alex Kim","Northstar Systems","Stockholm","Customer","266 King St","Stockholm","Sweden","41811"
"Sam Kim","Lumen Networks","Stockholm","Customer","881 Elizabeth St","Stockholm","Sweden","63367"
"Ryan Ellis","Nimbus Networks","Stockholm","Customer","622 High St","Stockholm","Sweden","44990"
"Robin Carter","Meridian Group","Stockholm","Customer","332 Market St","Stockholm","Sweden","71722"
"Riley Lin","Beacon Partners","Stockholm","Customer","1025 Queen St","Stockholm","Sweden","40114"
"Casey Patel","Harbor Networks","Stockholm","Prospect","281 Congress Ave","Stockholm","Sweden","19289"
"Drew Nguyen","Falcon Holdings","Stockholm","Prospect","275 Park Ave","Stockholm","Sweden","65679"
"Jordan Flores","Acme Labs","Stockholm","Customer","1788 Queen St","Stockholm","Sweden","27576"
"Alex Park","Acme Industries","Stockholm","Customer","1041 Commerce St","Stockholm","Sweden","83161"
"Blake Ellis","Pulse Networks","Stockholm","Customer","1000 Orchard Rd","Stockholm","Sweden","59351"
"Riley Young","Cobalt Holdings","Stockholm","Prospect","347 George St","Stockholm","Sweden","59185"
"Taylor Kim","Brightline Industries","Dubai","Customer","1612 Orchard Rd","Dubai","UAE","84020"
"Casey Gomez","Delta Networks","Dubai","Prospect","2368 King St","Dubai","UAE","82758"
"Jamie Kim","Quantum Industries","Dubai","Prospect","2188 Station Rd","Dubai","UAE","48988"
"Kendall Gomez","Tideway Labs","Dubai","Prospect","1951 Lincoln St","Dubai","UAE","50358"
"Blake Kim","Ironclad Holdings","Dubai","Prospect","1219 George St","Dubai","UAE","85018"
"Alex Kim","Ironclad Systems","Dubai","Customer","1526 Commerce St","Dubai","UAE","65547"
"Sam Hall","Sequoia Networks","Dubai","Customer","2331 Elizabeth St","Dubai","UAE","33194"
"Alex Foster","Beacon Holdings","Dubai","Customer","1819 Broadway","Dubai","UAE","34544"
"Ryan Lin","Harbor Labs","Dubai","Customer","2099 Commerce St","Dubai","UAE","76769"
"Chris Park","Evergreen Labs","Dubai","Prospect","1360 Park Ave","Dubai","UAE","6271"
"Dakota Flores","Nimbus Corp","Tel Aviv","Prospect","62 Church St","Tel Aviv","Israel","9414"
"Robin Patel","Lumen Partners","Tel Aviv","Customer","1947 Station Rd","Tel Aviv","Israel","35800"
"Hayden Shah","Harbor Labs","Tel Aviv","Customer","1047 Market St","Tel Aviv","Israel","76521"
"Ryan Park","Pioneer Industries","Tel Aviv","Customer","1592 Elizabeth St","Tel Aviv","Israel","77529"
"Kendall Shah","Granite Group","Tel Aviv","Customer","1019 Queen St","Tel Aviv","Israel","90864"
"Casey Gomez","Brightline Corp","Tel Aviv","Prospect","492 Marina Blvd","Tel Aviv","Israel","97824"
"Alex Ellis","Lumen Networks","Tel Aviv","Customer","1141 Main St","Tel Aviv","Israel","78330"
"Leslie Cruz","Nimbus Labs","Tel Aviv","Prospect","2099 High St","Tel Aviv","Israel","78165"
"Taylor Shah","Apex Systems","Tel Aviv","Prospect","1697 Orchard Rd","Tel Aviv","Israel","12740"
"Jordan Lin","Pioneer Group","Tel Aviv","Customer","1861 High St","Tel Aviv","Israel","24769"
"Jamie Lee","Tideway Labs","GP","Customer","99 Park Ave","Johannesburg","South Africa","34598"
"Quinn Ellis","Skyline Corp","GP","Customer","1055 Market St","Johannesburg","South Africa","42879"
"Chris Turner","Falcon Corp","GP","Customer","434 Lincoln St","Johannesburg","South Africa","64074"
"Blake Nguyen","Nimbus Systems","GP","Prospect","1172 Lincoln St","Johannesburg","South Africa","13342"
"Hayden Brown","Pulse Holdings","GP","Customer","1974 Elizabeth St","Johannesburg","South Africa","14632"
"Jordan Park","Beacon Labs","GP","Customer","366 Queen St","Johannesburg","South Africa","1914"
"Chris Hall","Summit Corp","GP","Customer","1624 Peachtree St","Johannesburg","South Africa","77692"
"Morgan Cruz","Vertex Networks","GP","Prospect","1819 King St","Johannesburg","South Africa","33758"
"Robin Lee","Quantum Corp","GP","Customer","1835 Queen St","Johannesburg","South Africa","88133"
"Alex Young","Meridian Holdings","GP","Customer","774 Lincoln St","Johannesburg","South Africa","58388"
"Quinn Turner","Meridian Holdings","GP","Prospect","1635 Broadway","Johannesburg","South Africa","91256"
"Kendall Young","Summit Labs","GP","Prospect","2043 Church St","Johannesburg","South Africa","71640"
"Riley Carter","Northstar Networks","GP","Prospect","401 Queen St","Johannesburg","South Africa","4270"
"Dakota Young","Pioneer Corp","GP","Prospect","809 Park Ave","Johannesburg","South Africa","10675"
"Dakota Johnson","Atlas Corp","GP","Customer","1795 Peachtree St","Johannesburg","South Africa","80142"
"Casey Turner","Tideway Networks","Tokyo","Customer","1025 Grand Ave","Tokyo","Japan","62984"
"Chris Park","Summit Industries","Tokyo","Customer","1246 Main St","Tokyo","Japan","96309"
"Sam Gomez","Cobalt Systems","Tokyo","Customer","1712 High St","Tokyo","Japan","95219"
"Blake Gomez","Pulse Partners","Tokyo","Prospect","1525 Grand Ave","Tokyo","Japan","22803"
"Kendall Patel","Delta Partners","Tokyo","Customer","1170 Park Ave","Tokyo","Japan","95918"
"Robin Hall","Skyline Networks","Tokyo","Customer","963 Commerce St","Tokyo","Japan","85328"
"Drew Johnson","Acme Corp","Tokyo","Customer","2131 Orchard Rd","Tokyo","Japan","97232"
"Sam Nguyen","Vertex Holdings","Tokyo","Prospect","2162 Queen St","Tokyo","Japan","76271"
"Casey Hall","Cinder Networks","Tokyo","Customer","427 George St","Tokyo","Japan","61319"
"Leslie Shah","Quantum Group","Tokyo","Customer","1225 Church St","Tokyo","Japan","11894"
"Kendall Turner","Catalyst Group","Tokyo","Prospect","1924 King St","Tokyo","Japan","76138"
"Chris Flores","Lumen Corp","Tokyo","Customer","1859 Station Rd","Tokyo","Japan","88109"
"Riley Nguyen","Tideway Networks","Tokyo","Customer","509 Commerce St","Tokyo","Japan","19313"
"Robin Shah","Acme Partners","Seoul","Customer","506 Peachtree St","Seoul","South Korea","94387"
"Riley Patel","Bluewave Holdings","Seoul","Prospect","1284 George St","Seoul","South Korea","68922"
"Riley Shah","Horizon Corp","Seoul","Customer","1149 Orchard Rd","Seoul","South Korea","20680"
"Alex Hall","Granite Industries","Seoul","Customer","820 Grand Ave","Seoul","South Korea","9287"
"Robin Flores","Meridian Networks","Seoul","Customer","1578 Congress Ave","Seoul","South Korea","97598"
"Casey Park","Brightline Systems","Seoul","Customer","1647 Broadway","Seoul","South Korea","45354"
"Alex Young","Summit Partners","Seoul","Prospect","341 Broadway","Seoul","South Korea","75200"
"Kendall Cruz","Vertex Networks","Seoul","Customer","87 Market St","Seoul","South Korea","97599"
"Kendall Gomez","Horizon Holdings","Seoul","Customer","1401 Main St","Seoul","South Korea","61459"
"Leslie Nguyen","Pulse Networks","Seoul","Prospect","377 George St","Seoul","South Korea","77003"
"Drew Ellis","Quantum Partners","Seoul","Customer","1592 Commerce St","Seoul","South Korea","87363"
"Quinn Johnson","Horizon Partners","Seoul","Prospect","1467 Commerce St","Seoul","South Korea","69437"
"Robin Turner","Cobalt Partners","Seoul","Prospect","1294 King St","Seoul","South Korea","58601"
"Kendall Park","Beacon Corp","Seoul","Customer","2177 Church St","Seoul","South Korea","95137"
"Jordan Park","Metro Partners","Singapore","Customer","1081 Congress Ave","Singapore","Singapore","38863"
"Hayden Carter","Granite Networks","Singapore","Prospect","930 Marina Blvd","Singapore","Singapore","45878"
"Riley Shah","Nimbus Systems","Singapore","Customer","2366 Queen St","Singapore","Singapore","58246"
"Blake Foster","Summit Industries","Singapore","Customer","1270 Queen St","Singapore","Singapore","99368"
"Blake Nguyen","Ironclad Labs","Singapore","Customer","1245 Park Ave","Singapore","Singapore","53524"
"Quinn Turner","Orbit Holdings","Singapore","Customer","737 Main St","Singapore","Singapore","44372"
"Blake Cruz","Meridian Labs","Singapore","Customer","1885 Marina Blvd","Singapore","Singapore","86501"
"Morgan Park","Atlas Corp","Singapore","Prospect","1254 Church St","Singapore","Singapore","1266"
"Blake Turner","Apex Corp","Singapore","Customer","952 Grand Ave","Singapore","Singapore","82648"
"Drew Foster","Harbor Systems","Singapore","Prospect","1751 Orchard Rd","Singapore","Singapore","50090"
"Sam Nguyen","Lumen Partners","Singapore","Customer","2276 Station Rd","Singapore","Singapore","78500"
"Jordan Shah","Pioneer Partners","Singapore","Customer","408 Grand Ave","Singapore","Singapore","71963"
"Alex Park","Vector Networks","Bangkok","Prospect","980 Orchard Rd","Bangkok","Thailand","81424"
"Jamie Gomez","Harbor Corp","Bangkok","Prospect","1851 State St","Bangkok","Thailand","95560"
"Taylor Brown","Vector Industries","Bangkok","Customer","1184 High St","Bangkok","Thailand","60353"
"Leslie Nguyen","Nimbus Corp","Bangkok","Customer","1512 State St","Bangkok","Thailand","49860"
"Taylor Hall","Harbor Industries","Bangkok","Customer","1214 Elizabeth St","Bangkok","Thailand","66989"
"Kendall Carter","Catalyst Labs","Bangkok","Customer","1225 Orchard Rd","Bangkok","Thailand","45327"
"Taylor Young","Atlas Industries","Bangkok","Customer","539 Elizabeth St","Bangkok","Thailand","67556"
"Robin Johnson","Meridian Partners","Bangkok","Prospect","1027 Commerce St","Bangkok","Thailand","41875"
"Taylor Carter","Pioneer Networks","Bangkok","Prospect","1688 Marina Blvd","Bangkok","Thailand","73128"
"Alex Brown","Meridian Systems","Jakarta","Customer","2128 Broadway","Jakarta","Indonesia","55970"
"Alex Turner","Catalyst Partners","Jakarta","Customer","1046 High St","Jakarta","Indonesia","13346"
"Robin Park","Catalyst Corp","Jakarta","Prospect","2104 Main St","Jakarta","Indonesia","74463"
"Chris Lee","Lumen Systems","Jakarta","Prospect","1166 Grand Ave","Jakarta","Indonesia","57248"
"Drew Foster","Orbit Partners","Jakarta","Customer","1563 Elizabeth St","Jakarta","Indonesia","47851"
"Quinn Turner","Orbit Systems","Jakarta","Customer","1157 Peachtree St","Jakarta","Indonesia","47271"
"Chris Flores","Acme Partners","Jakarta","Prospect","743 Elizabeth St","Jakarta","Indonesia","7099"
"Hayden Turner","Summit Labs","Jakarta","Prospect","1882 Broadway","Jakarta","Indonesia","25221"
"Jamie Turner","Apex Industries","Jakarta","Prospect","1872 State St","Jakarta","Indonesia","16959"
"Chris Gomez","Granite Partners","Jakarta","Prospect","155 Church St","Jakarta","Indonesia","20905"
"Hayden Turner","Granite Group","Jakarta","Prospect","2329 Main St","Jakarta","Indonesia","93312"
"Drew Brown","Pulse Industries","Jakarta","Prospect","1678 Main St","Jakarta","Indonesia","19369"
"Taylor Carter","Quantum Networks","Jakarta","Customer","1843 Broadway","Jakarta","Indonesia","57118"
"Drew Lin","Pioneer Holdings","NSW","Prospect","555 Elizabeth St","Sydney","Australia","53880"
"Leslie Young","Northstar Labs","NSW","Customer","198 Park Ave","Sydney","Australia","32112"
"Taylor Lin","Summit Industries","NSW","Customer","2061 Main St","Sydney","Australia","72603"
"Leslie Nguyen","Falcon Industries","NSW","Prospect","1340 Broadway","Sydney","Australia","26548"
"Chris Young","Tideway Group","NSW","Prospect","634 Lincoln St","Sydney","Australia","2143"
"Quinn Brown","Tideway Partners","NSW","Prospect","1900 State St","Sydney","Australia","77820"
"Ryan Young","Orbit Labs","NSW","Customer","739 Congress Ave","Sydney","Australia","57709"
"Chris Gomez","Vertex Systems","NSW","Customer","812 Congress Ave","Sydney","Australia","60322"
"Alex Lee","Tideway Networks","NSW","Customer","1073 Broadway","Sydney","Australia","89983"
"Blake Foster","Cobalt Partners","NSW","Customer","1877 Main St","Sydney","Australia","53551"
"Jordan Lee","Harbor Labs","NSW","Customer","949 Congress Ave","Sydney","Australia","38343"
"Sam Park","Orbit Group","NSW","Customer","265 George St","Sydney","Australia","52898"
"Jamie Park","Lumen Systems","NSW","Prospect","2354 Station Rd","Sydney","Australia","21875"
"Casey Turner","Lumen Holdings","NSW","Prospect","1142 Queen St","Sydney","Australia","74083"
"Casey Shah","Delta Corp","VIC","Prospect","921 Park Ave","Melbourne","Australia","82757"
"Morgan Lin","Meridian Labs","VIC","Customer","180 Commerce St","Melbourne","Australia","34328"
"Quinn Patel","Evergreen Labs","VIC","Prospect","1362 High St","Melbourne","Australia","56962"
"Drew Cruz","Meridian Partners","VIC","Prospect","29 High St","Melbourne","Australia","71145"
"Alex Patel","Apex Partners","VIC","Prospect","253 Commerce St","Melbourne","Australia","97718"
"Kendall Shah","Orbit Partners","VIC","Customer","924 Broadway","Melbourne","Australia","93427"
"Alex Cruz","Meridian Labs","VIC","Customer","1607 Elizabeth St","Melbourne","Australia","13291"
"Riley Johnson","Granite Group","VIC","Customer","955 Main St","Melbourne","Australia","21614"
"Taylor Brown","Falcon Partners","VIC","Customer","454 Grand Ave","Melbourne","Australia","60976"
"Sam Ellis","Evergreen Systems","VIC","Customer","218 Broadway","Melbourne","Australia","95507"
"Riley Gomez","Acme Partners","VIC","Prospect","933 Commerce St","Melbourne","Australia","98336"
"Chris Patel","Bluewave Labs","VIC","Customer","1562 Commerce St","Melbourne","Australia","87506"
"Hayden Turner","Ironclad Corp","VIC","Prospect","565 Lincoln St","Melbourne","Australia","96754"
"Riley Kim","Granite Labs","Auckland","Prospect","1786 Congress Ave","Auckland","New Zealand","65186"
"Kendall Ellis","Bluewave Group","Auckland","Customer","1911 Congress Ave","Auckland","New Zealand","71507"
"Dakota Foster","Apex Holdings","Auckland","Customer","2351 Market St","Auckland","New Zealand","86381"
"Chris Park","Brightline Industries","Auckland","Customer","869 Park Ave","Auckland","New Zealand","86040"
"Ryan Hall","Falcon Holdings","Auckland","Customer","1181 Broadway","Auckland","New Zealand","34565"
"Blake Nguyen","Granite Holdings","Auckland","Prospect","1834 King St","Auckland","New Zealand","35725"
"Quinn Flores","Pulse Holdings","Auckland","Customer","504 George St","Auckland","New Zealand","8855"
"Robin Turner","Vertex Systems","Auckland","Prospect","1207 Park Ave","Auckland","New Zealand","54638"
"Casey Brown","Apex Systems","Auckland","Customer","2142 Park Ave","Auckland","New Zealand","27162"
"Drew Flores","Pioneer Labs","Auckland","Customer","2322 Main St","Auckland","New Zealand","60907"
"Quinn Cruz","Horizon Networks","Auckland","Prospect","1763 Peachtree St","Auckland","New Zealand","69835"
"Hayden Carter","Pulse Systems","Auckland","Prospect","304 Orchard Rd","Auckland","New Zealand","40710"
"Quinn Cruz","Beacon Labs","MH","Customer","873 State St","Mumbai","India","15448"
"Jamie Johnson","Northstar Corp","MH","Customer","851 Marina Blvd","Mumbai","India","38552"
"Taylor Young","Cinder Networks","MH","Customer","2016 State St","Mumbai","India","54332"
"Morgan Flores","Cinder Industries","MH","Prospect","316 Commerce St","Mumbai","India","83618"
"Dakota Johnson","Sequoia Systems","MH","Prospect","106 Congress Ave","Mumbai","India","64248"
"Robin Young","Falcon Holdings","MH","Prospect","1469 George St","Mumbai","India","55018"
"Jordan Hall","Meridian Group","MH","Customer","816 Commerce St","Mumbai","India","44796"
"Alex Foster","Atlas Networks","MH","Prospect","1256 Elizabeth St","Mumbai","India","74431"
"Drew Ellis","Pulse Networks","MH","Customer","21 Queen St","Mumbai","India","77392"
"Ryan Brown","Summit Industries","MH","Prospect","1816 Orchard Rd","Mumbai","India","23331"
"Morgan Shah","Cinder Industries","MH","Customer","1076 Congress Ave","Mumbai","India","48391"
"Ryan Patel","Falcon Partners","KA","Customer","1630 Orchard Rd","Bengaluru","India","27982"
"Jordan Ellis","Delta Systems","KA","Prospect","2150 Broadway","Bengaluru","India","94776"
"Casey Ellis","Meridian Systems","KA","Prospect","2180 Marina Blvd","Bengaluru","India","13106"
"Chris Hall","Quantum Industries","KA","Prospect","976 State St","Bengaluru","India","14892"
"Sam Hall","Lattice Labs","KA","Customer","978 George St","Bengaluru","India","27253"
"Jamie Cruz","Catalyst Corp","KA","Prospect","1846 Congress Ave","Bengaluru","India","89180"
"Alex Turner","Acme Systems","KA","Customer","558 Lincoln St","Bengaluru","India","10181"
"Jordan Gomez","Evergreen Corp","KA","Customer","434 State St","Bengaluru","India","96620"
"Sam Foster","Lumen Corp","KA","Prospect","2001 Grand Ave","Bengaluru","India","97285"
"Sam Nguyen","Pulse Group","KA","Customer","211 Peachtree St","Bengaluru","India","81892"
"Blake Ellis","Delta Industries","KA","Prospect","1350 Lincoln St","Bengaluru","India","7012"
"Robin Johnson","Nimbus Industries","KA","Customer","2269 Congress Ave","Bengaluru","India","83234"
"Blake Patel","Atlas Holdings","KA","Customer","815 Station Rd","Bengaluru","India","85382"
"Jamie Park","Summit Holdings","Shanghai","Customer","368 State St","Shanghai","China","7458"
"Morgan Cruz","Metro Industries","Shanghai","Customer","843 Market St","Shanghai","China","67211"
"Sam Flores","Quantum Partners","Shanghai","Prospect","2043 George St","Shanghai","China","67002"
"Blake Lee","Meridian Industries","Shanghai","Customer","1198 State St","Shanghai","China","1680"
"Quinn Kim","Nimbus Holdings","Shanghai","Customer","307 King St","Shanghai","China","24059"
"Robin Gomez","Brightline Partners","Shanghai","Prospect","1923 High St","Shanghai","China","69810"
"Riley Park","Orbit Industries","Shanghai","Prospect","948 Queen St","Shanghai","China","77822"
"Sam Turner","Bluewave Holdings","Shanghai","Prospect","2357 High St","Shanghai","China","53265"
"Casey Lin","Cinder Systems","Shanghai","Prospect","952 Orchard Rd","Shanghai","China","10515"
"Ryan Hall","Catalyst Networks","HK","Prospect","988 Orchard Rd","Hong Kong","Hong Kong","82111"
"Ryan Gomez","Summit Networks","HK","Prospect","1318 Congress Ave","Hong Kong","Hong Kong","43548"
"Alex Foster","Lumen Labs","HK","Prospect","766 Queen St","Hong Kong","Hong Kong","28877"
"Robin Lin","Granite Partners","HK","Prospect","50 State St","Hong Kong","Hong Kong","41307"
"Kendall Shah","Vector Industries","HK","Customer","200 Lincoln St","Hong Kong","Hong Kong","74358"
"Jordan Johnson","Granite Industries","HK","Prospect","1802 George St","Hong Kong","Hong Kong","53403"
"Drew Lin","Nimbus Systems","HK","Customer","720 Church St","Hong Kong","Hong Kong","53514"
"Quinn Lin","Vector Group","HK","Customer","181 Marina Blvd","Hong Kong","Hong Kong","25103"
"Riley Young","Bluewave Networks","HK","Prospect","1484 Park Ave","Hong Kong","Hong Kong","11614"
"Kendall Young","Vertex Partners","HK","Customer","1221 Park Ave","Hong Kong","Hong Kong","29008"
"Chris Nguyen","Nimbus Labs","HK","Customer","1202 George St","Hong Kong","Hong Kong","66499"
"Dakota Park","Skyline Corp","HK","Prospect","1179 Congress Ave","Hong Kong","Hong Kong","88869"
"Casey Nguyen","Delta Corp","HK","Customer","1753 Main St","Hong Kong","Hong Kong","57805"
